textID,sentiment
f87dea47db,neutral
96d74cb729,neutral
eee518ae67,neutral
01082688c6,neutral
33987a8ee5,neutral
726e501993,neutral
261932614e,neutral
afa11da83f,neutral
e64208b4ef,neutral
37bcad24ca,positive
24c92644a4,positive
43b390b336,neutral
69d6b5d93e,positive
5c1e0b61a1,neutral
504e45d9d9,neutral
ae93ad52a0,neutral
9fce30159a,neutral
00d5195223,neutral
33f19050cf,positive
f7718b3c23,negative
9ef44428d0,neutral
be634ebeb0,neutral
3dcf4f7e13,neutral
f0ef04109b,neutral
8be365118e,neutral
c50bdd4567,neutral
334954f215,negative
b783916431,neutral
1fa8e6ad66,neutral
be38b29042,neutral
95701e8ed9,neutral
4dd58ecd2c,neutral
cf553cccd5,negative
55c69c2d52,positive
9b1a52cc02,neutral
cce5c4744a,neutral
c7f9d559e2,neutral
3d2478db59,neutral
6d846d7d50,neutral
599f51af6b,neutral
87daa62920,neutral
6506dc55ff,neutral
746d87f93e,positive
ef7ef8e474,neutral
d3d7b13278,neutral
ddc07db84e,neutral
67afe60d31,neutral
17d18ba9ef,negative
ab57d75f20,negative
f0acd25d8e,neutral
cf3b068b03,negative
d6c34fa875,neutral
614aed9113,neutral
dfa577d3c1,neutral
10dcbe4dfb,positive
a0bfb12773,neutral
71f4a9b495,neutral
d33ed264b3,neutral
77f88ea9e2,negative
fe1deac869,neutral
e591a725ef,positive
2dbb28cc29,neutral
a7e4ad250a,neutral
7d87899024,neutral
461b51fa58,negative
c31d79c440,neutral
32ee7ef6c2,neutral
29f805a7d2,neutral
d41fe360e4,neutral
a04c8c8695,positive
25e42b2bf2,neutral
5843d17b1d,neutral
474d10ff48,neutral
38e69da3a1,neutral
972dc5787d,neutral
0ba6aaf9aa,neutral
7a81537034,neutral
311d2b185b,neutral
1e46d72ec6,neutral
390f169584,negative
58129e4130,positive
e6c9e5e3ab,neutral
cb5e709de8,negative
a14b4ff440,neutral
5d57a5eda2,neutral
1e3561e921,positive
c2ea5cb58b,neutral
cde0016d6d,positive
5fc411e8d1,neutral
5ffb19ae8f,neutral
76da985a47,neutral
3a98aa4762,neutral
886545bbab,positive
2afe118dc3,positive
704c53f4cf,positive
71fa60d9ff,neutral
c238c4dbb7,negative
dc73e85417,neutral
af63915fa9,neutral
eb2fc4d281,neutral
f9382a1f7b,neutral
54670ca807,positive
3ab338c459,negative
c7c7f7f025,neutral
1256e6a4d2,positive
990cdeae87,positive
9a55d83c79,neutral
c8307a482d,positive
0a21b662a4,neutral
297f7d9e0f,negative
68901906a4,negative
3112944847,neutral
8f8334ffa2,neutral
322546026e,neutral
e6c154f9be,neutral
e96d849b35,neutral
124e30d941,neutral
fbb5742bbb,negative
e90acf3c42,positive
0b0944285d,neutral
a11da2d3bf,neutral
161bfc7c8a,positive
4a65010643,positive
1b460c82f0,neutral
43e91a5488,positive
410dd99aa3,positive
b3eadfc565,neutral
480894125b,neutral
001617fca4,positive
52f2f23473,neutral
e7e27b0c91,neutral
834dc73c0c,negative
aeb0e9d730,positive
c672c9da1d,neutral
cbee1946d3,positive
b1999f0951,neutral
25510fbf89,neutral
bcb9426abb,neutral
0d29624200,positive
3f0f5891ab,neutral
0b34e66ea3,positive
11de8c0456,positive
d5712716e9,neutral
3f90f95beb,positive
c108e09b19,neutral
7223fdccc2,neutral
f254748cdb,neutral
256453d14f,neutral
8fd01857a9,neutral
37227c0dbf,neutral
20aff2fcb1,neutral
ca223af36e,negative
90977e9614,neutral
433b1ab9ea,neutral
37771d1bc1,neutral
fa99046452,neutral
14760477ad,neutral
da908a6635,neutral
2053a455e9,positive
1ea547383b,neutral
6634c62acf,neutral
c7240790da,positive
08ede23635,neutral
4e87dcff0e,neutral
4b0b53bc98,negative
fd3a622954,positive
e34af4fd97,positive
0e8aa10a4e,neutral
29148dc95c,neutral
56a15cf6ca,neutral
b99969c2fb,negative
b0f3142cb4,neutral
5ff525b74b,neutral
4fd80e66e0,neutral
e77a8f8f2d,positive
4ea7102112,neutral
6a14956779,negative
7c2fcb712e,negative
cdd172d6a7,neutral
d2a21b3cb7,negative
799e17e7a7,neutral
0a49cdbdf6,neutral
4a13c1093d,positive
9407ce6ccc,neutral
820f19ca44,positive
683bb73c09,neutral
0d14593b11,neutral
9ac13b3739,positive
16ee71e6df,positive
f5d47f04f5,neutral
e131c496a2,neutral
bc6d7b4364,neutral
c87be630b5,neutral
e4ad1684bb,neutral
f7835156a5,neutral
03bb148b87,neutral
b47c430fda,neutral
0234e16010,negative
be9ed19513,neutral
bf7240df91,negative
2f883c6eb1,neutral
a1320a5050,negative
d72a60bee8,neutral
bc9ebe0002,negative
64ddc1f8a2,negative
03f6b8d900,positive
2d475b1b23,negative
87473f5175,neutral
7a09871d21,neutral
96ec2855e4,neutral
45cf9ba329,neutral
bab68144cd,neutral
fc49e426f5,negative
a172818c9e,neutral
036191bb61,neutral
3ef85c201c,neutral
ea348ea738,negative
fd10f463c9,negative
e6e02e1be6,neutral
8112c62d00,neutral
0f89951346,negative
f3ec0395b0,neutral
37ffa83550,neutral
cb8c730261,neutral
be33b5cb9a,neutral
4fed31099f,neutral
de288eb45b,neutral
7ab82d9fda,neutral
9d8a45d308,negative
d25c4179f6,neutral
6cd35dd82e,neutral
65275b51e2,neutral
9fae9e3145,neutral
e515132ae4,positive
df3c7485ae,positive
bd8ba2ad7e,neutral
58be40735c,positive
b5a0a16fd7,positive
044f146e5c,positive
a8e17db0cc,negative
abda0ac082,neutral
b01506af48,neutral
53969f2468,neutral
4df63939ef,neutral
f43efa3560,negative
c89e41fc7c,neutral
b9ec075666,negative
ca333e378d,neutral
5a91b175f6,neutral
ac00adda49,negative
cf9dc7479a,positive
005e2e60d3,neutral
0b1fad03e9,negative
2c72a5582a,neutral
af0778ed50,neutral
1e0416ec46,positive
1e6f72ea44,negative
cc930f7aa8,neutral
9c202174a3,neutral
b9a1df7a8a,positive
7b3132d3cc,neutral
5f80970983,neutral
f008d91039,positive
c223721eed,neutral
7f8a3308f8,neutral
3f7adda0a4,neutral
6c60cf0bb2,neutral
f77651be05,positive
aff740a028,negative
c3f1116734,negative
4b57011c85,neutral
cb4266c560,negative
dcb3bb2912,negative
f61b40624e,neutral
b6d2229b03,positive
299fda8c5b,neutral
fbea09d42d,negative
1b62e0c672,neutral
2452a0aa6a,neutral
8a821c6d63,positive
0f93ebfb23,neutral
dd655c5aee,neutral
e94ceb6edd,neutral
61e8b484df,neutral
5be41389ce,neutral
bd0f0ebc57,negative
772ba56ce6,neutral
390f00c85a,negative
4a680661d5,positive
e2505e6219,negative
0d85e6d515,positive
086671fad9,negative
9c99cd9396,neutral
f35cc8bb35,positive
5ba64af2fd,neutral
dbd82ea5bd,neutral
8b6c53f38b,positive
e8cb7f18bd,neutral
9ea273deaa,neutral
cf0d831059,negative
8f0bafc9dc,neutral
0888d7dab7,negative
04d3c2d056,neutral
8bbaca6e4b,neutral
4a9529e753,neutral
8be2d4f69f,neutral
d9c10546e6,neutral
90be8eaffb,neutral
8ba332dbbd,neutral
1086c26e82,neutral
b357b9e7d2,positive
0050eebd18,positive
426cb788e5,neutral
d30d23e543,neutral
04a204382a,neutral
2bc1a7126b,neutral
a2fb29c072,neutral
a2bbae6c4c,neutral
0ce30035ac,negative
b3505b0aa7,neutral
99fcc18a8d,negative
2b6bc6920b,neutral
d40dd3b17b,positive
5aa8a5280f,negative
7dd57c2598,negative
142108215,neutral
f4aba8da1c,neutral
9cf9045a3c,neutral
1962095a32,neutral
9acf7846ab,negative
e4d58eb70f,neutral
791b4a40af,neutral
0c415791d1,neutral
3bd0bff670,neutral
c7f27553b8,neutral
a717783c80,positive
5a2add1cd8,neutral
5999397144,neutral
54a3eab849,neutral
77b6b38e7e,neutral
dd6ea8c37a,positive
af08dd0be5,neutral
3cd447856a,neutral
d7765a3fd6,negative
509033a1ff,neutral
b09f14d65a,neutral
3160620b36,neutral
b2e3ebc647,neutral
1f9644b008,positive
1fee7a1358,negative
42d3659c3d,neutral
8746563ae3,neutral
01fb29c047,neutral
065e4c2dba,positive
d0380dbe70,neutral
d0c092c3ee,neutral
ed92ed183a,positive
75d0302de7,neutral
96c5092f80,negative
ddbc8dba62,positive
80b61dc4e6,neutral
37897b1693,positive
7a4af13b01,neutral
000ceaec55,neutral
97cd2255be,neutral
bebfd966a0,neutral
bebcdc05ad,neutral
e2ea1af68e,neutral
25c3c99b1a,neutral
ee27c73f40,neutral
f90a6f5da0,neutral
49e9fe8b96,neutral
b34a3e3d72,neutral
0a96d05fdf,neutral
ab3f55a84d,negative
0437867c21,neutral
80ea9ba96f,neutral
4914c3c579,neutral
33bb4fcc72,neutral
f0da745521,neutral
351d279fba,negative
b5237966b8,negative
55cec41587,neutral
2cbc372326,negative
8997a62a75,positive
bce5834e03,neutral
a9b9f7a878,positive
d72edc0bb2,neutral
2fdd2501d1,neutral
5fcaa99ec8,negative
3dfd82c60f,neutral
16f31448e1,neutral
bab04dc463,neutral
109b636fa5,neutral
cc29d748cb,neutral
bf4b4c0f0b,neutral
64b297c15e,neutral
bc1fbaf4a1,neutral
f59d8d766f,negative
8a1bf14c15,neutral
acfcaea70b,neutral
97e53162ff,neutral
c0b7788e74,neutral
15c531b290,neutral
23efa13d7c,neutral
c44b286776,neutral
29ed43caca,positive
6693f9c143,neutral
94e0c7c638,positive
6114b48cb9,neutral
32463a2751,neutral
65ed990460,neutral
505f50a90d,neutral
481e268403,neutral
5ce968f9be,neutral
52ad93b3fe,neutral
e892068fd3,positive
226adfd977,neutral
47f11efc72,positive
d7b1ac80c4,neutral
401cc22f49,positive
583bae2083,neutral
f003be5308,neutral
49ce2570e5,negative
0693a85163,neutral
4b273cd32a,neutral
22003c0e96,neutral
0fe049b7ea,neutral
3d1184dabd,neutral
c2392d49e0,neutral
a25ccabf06,neutral
9b3fcf1668,neutral
d7746b6b68,positive
86c20cf6ee,neutral
393b22b6c0,neutral
3c03dc0dd0,neutral
25e2db9995,negative
d17a3a37e1,neutral
58f1b52257,neutral
32489d483d,neutral
00d907ce33,neutral
a7f2db128a,neutral
d39e6da95c,neutral
09fea0f3a7,neutral
31eb8ebd2a,neutral
4dda8fd71a,negative
e4d6a48aa7,positive
d0b52412b8,neutral
14acfa72dc,neutral
c6d6fbb9a6,neutral
797f9cddc0,negative
4c5672e236,negative
d35f126ad0,positive
efdff6dde7,positive
4dd3339756,negative
dd3cd66574,neutral
e83b4e9bf0,negative
7a27c3a84d,neutral
19de569235,positive
66f1863628,neutral
3690fcb40e,neutral
bad6311330,neutral
75499e3bd1,neutral
27d6472b81,negative
80995dff29,neutral
ca2d9efd4c,neutral
12bb670169,negative
70b4033f03,neutral
8df42cd45a,positive
82bc030c0d,neutral
9d6473d14d,neutral
146257b271,neutral
2fbae49319,neutral
b56108fc36,positive
ed54440a2e,neutral
c135b2cef2,neutral
48c3502151,positive
5e6040afd3,neutral
3ea60172a0,neutral
96e1deb162,positive
819626535b,neutral
fec3cae0c2,negative
89d9167173,positive
dd911923ea,neutral
4f8c391159,neutral
403847cf44,positive
dad1d09bfb,negative
56f5217a16,neutral
4a9ef1f9d8,neutral
5a42a51462,neutral
c5a584d398,negative
fee936fdc3,neutral
2813c4cf7e,negative
2246ed3d84,neutral
1b1243d0b5,neutral
09042bf466,neutral
40e3087f9c,neutral
ad94e8b662,neutral
fc0b053a31,neutral
9f2a0b0b2f,positive
7516f86838,neutral
2492330594,neutral
9aa7d6a58a,positive
083e4f782b,neutral
ba5e02305b,neutral
9f4bb12e13,negative
7a01848c2e,positive
ae285917c7,neutral
5575fdaf3c,neutral
af3fbd5681,neutral
db7211afbf,positive
23602f214f,neutral
c3459bc0bb,neutral
f02eed05d0,neutral
ff7126ea72,positive
567ef8c2ed,neutral
d50a4dc3bf,neutral
d6bd94911e,positive
23bf2d69d2,neutral
a6623df1a6,negative
34409c9b8a,neutral
6a36ea6690,negative
c5ec3e9e37,positive
e74d67a818,neutral
b09824d000,neutral
3af70d3bc2,positive
5e5cb6d0a9,neutral
0db9bf3e1f,neutral
4de0e1bb73,negative
9a6736745f,neutral
8d40f9e62d,neutral
727e51734b,neutral
db23b82d03,negative
e03a74beca,negative
80b171ef7a,negative
d49d1b7de1,neutral
4809e143db,negative
0edb544179,neutral
c50f940f43,neutral
9a27ba671e,neutral
27c4e1f089,negative
9965c5a810,neutral
4f6d52cbd8,neutral
6c0bac4f19,neutral
e692bbaf63,neutral
365974d586,neutral
32db5fc0a5,neutral
600c58d8b3,neutral
792c269f24,negative
2c6f1f637b,neutral
c6322a85c2,negative
3aa450d12d,positive
10ad2966fa,neutral
96b3a98962,neutral
b5c13364bb,neutral
06ae0360a2,neutral
060db97af7,neutral
67d5b57919,neutral
a4388148b8,neutral
e43b9a1497,neutral
527b27665d,neutral
dbe35b6a0d,neutral
92c4eadecf,negative
b1cec36547,negative
1b5dea3fe9,negative
8d8c915ea5,neutral
9b46f1ae17,neutral
1c68a5f609,neutral
b9a6b682b2,positive
092c10bd84,neutral
84fd3611d6,negative
9b8052833a,neutral
f9bdd41842,neutral
13c47e9bc8,neutral
9a1eaacda3,neutral
8645bcae50,neutral
b70c6bf768,positive
f67575d0e9,neutral
ba93b78cfc,positive
77c659aa89,negative
303a1773cf,negative
aa8b44f1b2,neutral
bf95b25f9d,neutral
b21b048c1d,neutral
4f7cba2eff,neutral
31dbbd2bb4,positive
a7506a67a4,positive
b2c81f2c95,neutral
99c5936498,negative
7315faa6ce,neutral
132462ca21,positive
a7225483b3,neutral
2dfb1e0fe3,neutral
3a013a37a6,positive
b70639aec0,neutral
0b5a804a3c,neutral
78ccd0cec0,neutral
1c464c8953,positive
29da8ca76b,neutral
9d414d77dd,neutral
4d05d59122,neutral
5a2393940b,neutral
2fd9eef1f8,negative
938c32de3e,neutral
0e3d04ed05,neutral
9a0fce6d7e,positive
32eb024489,negative
6af90a76e4,neutral
2b68738448,neutral
af087c9deb,positive
8823244442,negative
9bb06e4848,neutral
717e76b467,neutral
3b6fdcc518,neutral
f6cb27e38e,neutral
419f3e9ef8,negative
f29654c873,negative
7e46f3f92a,positive
43ad351369,neutral
853ebd7b47,neutral
ef60a2d1e7,neutral
983088f2b4,neutral
50b353f751,positive
c4cad35b0f,neutral
9c44566550,neutral
32b28d840b,positive
d576839165,negative
86f3b2e352,negative
ef1eb004ff,neutral
36bc98037c,neutral
faaf6a6f64,neutral
69789cff46,neutral
586a76af3d,neutral
dfd9f1800b,positive
e0090fba83,neutral
d9e1b10a4f,neutral
0e5d9cd378,positive
1a82a50aa9,negative
57ee48d640,negative
e0794d1a3e,negative
2baa1924cd,neutral
c3261537c6,neutral
4acd2d7380,positive
259ab53f07,neutral
c180265483,positive
1e7956b538,neutral
c8a9799256,neutral
9fdac069e1,neutral
e27ea173e0,neutral
e468a185dc,positive
fe626ba958,neutral
995db37ffd,neutral
a539826f28,neutral
5efc764068,neutral
e133dbdc62,neutral
e74af209c6,neutral
aca7565010,negative
cac874449f,neutral
bff45fe27f,neutral
60521a571e,neutral
3b6a25d97c,positive
bcf13877f7,neutral
c4a8602e0a,positive
4e06f98760,negative
62aebe35b6,neutral
0237b6fd87,neutral
c860b3f840,neutral
cfdb8ea6d8,neutral
935a3c2bf5,negative
c1e33be64e,neutral
000b3211af,neutral
ffa3258a83,neutral
10f2498c35,neutral
35674461fe,negative
4c086d6a58,neutral
d6a8cee69b,neutral
8e4553e921,neutral
cbfe82ef26,negative
9fb92f7504,neutral
49ffb6b465,positive
ed0ace22bf,neutral
dc346c6f1c,neutral
178b3ca782,neutral
0e83e0955a,negative
6d3596cdb3,negative
696a2abd8a,negative
26d169a9e9,negative
52fd9f56fb,positive
2f7b589c41,neutral
1620bd719e,positive
6e805ea65a,negative
08f6036add,neutral
ce4b5fe266,neutral
792c97a352,neutral
384a8c1c53,neutral
8c08631422,neutral
daed8640af,neutral
0c79867978,neutral
fe588dce16,neutral
30b5985a07,negative
c3e87ee9c0,neutral
5bbfbb31da,neutral
41cf23c2d2,neutral
e027169ec6,neutral
6c843b2f56,negative
29736d30cc,neutral
2da7ae1656,neutral
0927b99040,positive
a35cb60975,positive
7e49648b99,neutral
b7234b7720,neutral
5bbef6942a,neutral
c9e5ca399a,neutral
d7607b8133,neutral
2d5206550f,negative
13632b763a,neutral
f841b0e812,positive
09e0880c54,negative
bf2419a824,neutral
2fac1b845b,neutral
15fb68bf9f,negative
a93afddcdf,positive
8ec2997024,positive
6559ad2e3e,neutral
a2867122b8,positive
17deedd7a4,positive
d27429521a,neutral
273aa26c3d,neutral
c12a98d8f3,neutral
0a60d11178,neutral
58b7571313,neutral
a25f8983ff,neutral
9b172f1737,neutral
c016333e85,neutral
63ec4e7de6,positive
7796395821,negative
4f2e517832,negative
b3b338bcd0,neutral
add95c3198,neutral
c41d259d60,negative
3099b7261b,neutral
15892f296d,positive
d12acf4e01,neutral
dad3160e52,neutral
598603422e,neutral
c3c79502f9,neutral
02b43cd23c,neutral
058f39acca,neutral
90af5c843a,neutral
200f2b3566,neutral
85f882c027,negative
5496094dac,neutral
866582d5a3,neutral
cb20977501,negative
ddfc2cc8b3,neutral
0de656eac1,neutral
6be59d11d8,neutral
31d260e718,neutral
b22aff92be,negative
96cc75e508,neutral
664d148574,positive
6872aea3a9,positive
21d77a32fb,negative
5d8cc77f93,neutral
803e9c0931,neutral
16ca8a5ecc,neutral
038c049e2a,neutral
28e1999323,positive
438a7d203a,neutral
0117a03b6d,negative
cad99e531f,neutral
4987bf323b,neutral
ba3e84e67f,neutral
b2dc59805a,neutral
797aa81fda,negative
0ea64bcbe6,neutral
4e7fb463e0,neutral
b33c27ad85,neutral
50eb2a08c3,neutral
0ee55890a7,neutral
eb9c11eb52,negative
cf16d0c659,neutral
f7aa65a988,neutral
b8a3fea60e,neutral
5389177883,neutral
e59fd12277,positive
264f1af9a0,neutral
d19724f22f,neutral
9d4dfb1f9e,negative
e6b380cd3d,positive
993c6eadd2,neutral
7993d38b85,neutral
42caab438e,neutral
b5e7df1efe,neutral
017a0bbb36,negative
12cfea907c,neutral
43449f0068,negative
795556dc39,negative
38e8111514,positive
18ee9d146c,neutral
f5e9c0eef2,positive
434e673353,positive
8b8932427d,positive
c5f383c0a0,neutral
8def10379e,neutral
74af7e0835,neutral
bb53ba1a89,positive
11c5c7850b,neutral
455ef3e9b6,neutral
d761530c7f,neutral
ed1e06027c,neutral
47b4e91e39,neutral
0b39781a5a,neutral
8fbd0b19e6,neutral
8429087609,neutral
7900f25fbc,neutral
312868ebb2,positive
5f2c04acd4,neutral
55b8e44c02,neutral
106aa6d022,neutral
4975dbda48,negative
a3145ba47e,positive
7e19629684,neutral
3495e809b3,neutral
a1b67a24aa,neutral
a0b1828b67,neutral
311985067b,neutral
c392253b42,positive
62f3e63c1a,neutral
2942ed51f6,negative
03798acf38,negative
fd1ebb37c3,negative
478a005e7c,neutral
9608ece440,positive
e6b24b7014,neutral
105b761a2c,neutral
cca7cce9c8,negative
d0b2e14355,neutral
f27f60c847,neutral
5380d2b0e5,neutral
38148a3e98,negative
b29ea1892f,neutral
7dd51bdec1,neutral
409767144d,negative
c627db4613,neutral
9fc2217d38,positive
d14b33ede0,neutral
e7ed611f06,positive
a61d4c6048,neutral
74b427ffa8,positive
c7568067cd,negative
8a6cdf6832,neutral
f4d1a681af,neutral
f81d71d2c2,neutral
029a603b00,neutral
e6826a5aa5,negative
1e41208494,negative
23f4fd4385,neutral
aa17c6f797,neutral
136b1926c9,neutral
6f381bb00f,neutral
c0d5be8bd4,positive
e09b90939a,positive
ec835dc0b0,negative
eaf90c4253,positive
41a96b7954,neutral
e5a26fb323,negative
4e5d66beb2,positive
4c5a7e6ffc,neutral
53714350ac,neutral
b4401d6b4d,neutral
05ff657624,neutral
dd72ee1430,neutral
094e0509ad,neutral
0182dd7de1,negative
5b70f8bc73,neutral
8c280d0f80,neutral
98c02118e6,negative
f4f24160c3,neutral
80420cfe74,neutral
5f1811bb3d,neutral
c7d3ab998a,neutral
7abd932d50,neutral
ed298c6e5d,neutral
3257bafde1,neutral
2c150a0703,negative
2252c58ab0,neutral
7d933d9d21,neutral
f6400f56e9,neutral
4477b985e5,positive
66019ddc8f,neutral
a7cf141043,neutral
4b2b16581a,neutral
e1a3e4575d,neutral
719934e5e0,negative
dcba201932,neutral
a55208f877,neutral
c13f8a6154,positive
e0eeef2f3f,neutral
003816f151,positive
69c36e5f81,neutral
898c63c69f,neutral
b01100d6c6,neutral
131da67079,neutral
2a83e56667,neutral
83b44dda65,negative
b3fa6e5c24,neutral
03e41eeb4f,neutral
83fc759a0b,positive
ff9722bca7,neutral
ebf6233a5b,neutral
9e4228219d,neutral
25ce9a8b1b,neutral
ed6a316e8a,neutral
4244aec072,neutral
90751fc00f,positive
c653189d96,neutral
9b2b40dda6,neutral
e4838b68a2,positive
0ce20ef06e,neutral
fb030409ab,positive
ae1b11d7ec,neutral
8739e2666f,neutral
e9a77e014a,neutral
7920a12924,positive
8c091fb754,positive
d3e52b51b7,neutral
4addb8e422,neutral
f18b102ad6,positive
7720aca199,neutral
6115285ce8,neutral
a7af432585,negative
28db608c0d,neutral
7e45ea194d,neutral
4760319f17,positive
f3de150883,negative
7e82aab535,positive
bcc50747b1,neutral
357483f649,neutral
261a5bbd14,neutral
b03e2a23e5,positive
ad37dcf4ff,neutral
5cd1ac2c57,neutral
7f0a146e26,neutral
3626f85ac4,neutral
cbd04fb4eb,positive
b8f7efe383,neutral
d2ca4e1d3c,neutral
8eedc5a2ed,neutral
3b5aecf8d6,positive
a154540c08,negative
48801ef73a,neutral
91412dffcb,neutral
68a9b81741,neutral
458f7b2493,neutral
cf05148ed6,neutral
c963a42282,neutral
3d17d4b72c,neutral
eb79aabf05,neutral
21d05898d3,neutral
e76b1c30bb,neutral
2c5f261ff3,neutral
d3935b8571,positive
2a35e976ea,neutral
3d128b58d0,neutral
67348350a4,negative
93b5d1bbea,negative
ed6bd3958e,neutral
45e3f93e9b,neutral
51051cb758,neutral
b84ea78203,negative
441dcaef31,neutral
b4e721aa1e,negative
a92e8ab2a1,neutral
31d77e5ff5,neutral
e887fbdfd5,neutral
78094a1191,neutral
a447f480ec,negative
e2fdad0321,positive
67cafda653,neutral
356bdefc64,neutral
d6ce1fc670,neutral
d613b00386,neutral
507a584ae5,positive
2418966865,negative
6247a1db0b,negative
e48cf1bff4,neutral
6e693017f6,neutral
2c60e1c7a2,neutral
b770afa9e6,neutral
fe7c9215ae,neutral
472c3e2c41,neutral
0d7697aa10,neutral
fe09df7e91,neutral
33eb5a33be,neutral
bab53b4152,positive
f877442216,neutral
311740836a,negative
80aff8d880,negative
fe89e929f4,neutral
0f4be91a14,neutral
5225c062f9,neutral
bd499c0bf7,neutral
483bb46b97,neutral
dacb6d78af,neutral
98b6544758,neutral
275fa7a3f8,positive
346ce6428b,neutral
086bee572e,neutral
22df86426d,neutral
63dcc7d29f,negative
f7ac9e16e5,neutral
59159f2163,positive
c7fc03de4d,negative
002bb8f1b3,neutral
d112d2e5bf,positive
c762607c42,neutral
09b5db7af0,neutral
aa51082711,neutral
d4b544abff,negative
ea1e41d586,neutral
ba28fe48b2,neutral
39e9f0e449,neutral
209de29f24,neutral
52aad0e22e,neutral
21ab400cb3,neutral
e93220b868,neutral
57ea442d4d,negative
88a120f336,neutral
52fc580b72,neutral
3dc1ed5f06,neutral
fe2f3f3359,neutral
e170fafd8c,neutral
b38df0845d,neutral
cf1739382c,neutral
63e434fbf0,positive
43d10bd312,positive
6230b5c435,neutral
c6bc7536ef,neutral
c8caef9df3,neutral
213eae85e9,positive
dce070190c,neutral
8db4aaef4a,neutral
cf95521362,negative
c1dc0dd0f6,positive
951e093497,neutral
5a34a7e52c,negative
59f6677324,neutral
9b0db4e33e,neutral
c9e8281f8c,neutral
cac1ba6f5a,negative
da8a88b872,neutral
196e5dec12,negative
811dc7e401,neutral
a777619b23,neutral
8cdaa4f6d8,neutral
6aa5004916,negative
ff7949688c,positive
309706ed4f,neutral
291000000,neutral
afa094db6a,neutral
b694518332,negative
2d76387d6e,positive
0b3588bf63,neutral
0d401237c2,neutral
3922543d77,negative
e3082089c9,neutral
564c21df63,negative
2c8062a094,neutral
515793e794,neutral
c435fb9416,neutral
c5279762d3,neutral
97eeb0161d,neutral
f0f6fda1f6,neutral
e8ce4f8bdc,neutral
c881dc16e9,neutral
89d0aed1ff,positive
2ef49da640,positive
7db53ed89f,positive
a2819eaa7a,negative
37b50ef2a5,neutral
4cc7d9995d,neutral
c0abd616ab,positive
32058d2bb5,positive
144252776,positive
0c8dd8b628,neutral
c80d7e9b26,neutral
102384b03c,neutral
f97b498af4,positive
908abc1bd1,positive
0187f448b1,neutral
e833f3a85d,neutral
f980f61df3,neutral
07b57f906c,neutral
18ee7c255c,neutral
f7dc083f08,positive
6d43a06459,neutral
44da06d16c,neutral
938f7e936c,positive
ffd54ac7f7,neutral
e1c4ad96a0,negative
68e6a47c75,neutral
05f4f3ddc3,neutral
026d3b6611,neutral
aa7362d09b,negative
c10d6fac3d,neutral
d554ee2fe0,neutral
8534e70d73,neutral
a9bc0bc35d,neutral
4b2b6a59d4,neutral
80a1ed08bf,neutral
cebe0fc8d3,positive
a1833e30a5,positive
f820ad932c,neutral
9e25d010e9,negative
a3b686ba61,neutral
5d9b0f4b31,negative
7e69bec42c,negative
422cd4f89f,negative
d78be7b22e,neutral
95db70d9c2,neutral
f2f05cbdae,neutral
ab43c568d8,neutral
9b04365a55,neutral
2f136d0402,negative
dc4fa42628,neutral
1cd62f2da1,neutral
170f84ffcf,neutral
c8e099fef6,negative
1e1cb8d9a4,neutral
9d968ef838,neutral
ca10e6b390,negative
d59c09da6c,neutral
16b8e23839,negative
e9dd5ad752,neutral
a1ac7a0543,negative
56395aff30,positive
356c8f7848,neutral
8d85d53e36,neutral
320a6e56fc,neutral
88c2d7f95e,positive
0740ae9f9b,neutral
4d7def819d,positive
50c0004af6,neutral
bcbc9b5e75,neutral
93236f076c,neutral
be4b907022,neutral
760723a562,neutral
f66a3af202,negative
6e60ed6d59,neutral
9c01aa6afd,positive
412790a2ed,neutral
266d2b648f,neutral
4683236241,negative
3b45abf7b5,neutral
9f8cd8c991,neutral
c3a4f9710d,neutral
1914dd82b2,neutral
51a31aa9a1,neutral
7b9f3f4f39,positive
88c7658eb5,negative
474b02cd39,neutral
a5cee2035b,negative
c7e1468a65,neutral
5a877ae4b8,positive
b8a77cd14c,positive
b2bada7873,negative
aab1caabf0,positive
7240ccb4b2,negative
c26aabf505,positive
4f05a05989,negative
f4c7e939ef,positive
1f2a8f57c9,positive
9048ec6e22,neutral
c8a8b0e791,neutral
3cb4d10927,neutral
112591001f,positive
0b91f39c27,neutral
bc28048a07,neutral
9f32a3213d,neutral
8d548b1783,positive
fc7842b0b4,positive
3285374ab0,neutral
d2141d6d47,neutral
c032793654,neutral
8bb73c2ccd,neutral
0996990dca,neutral
c635a113c8,positive
88a4261005,neutral
11b14ae498,neutral
12005b65fc,neutral
dbabff5048,neutral
0415387eb8,negative
d26016300e,positive
e150ad9d31,negative
5c0e819f2b,positive
462978616d,negative
75dc8a3ff6,neutral
a9a725abfa,neutral
ef1debc105,neutral
5c2ae1e5f0,neutral
b820cb8056,neutral
dc6dae7f3b,positive
3d0c74e523,neutral
0de2a265ef,negative
86ae985c48,neutral
cc3b05f756,negative
5524acce17,neutral
b33e54d9c8,neutral
f288113937,neutral
1137d77ecc,positive
496abe9ad9,positive
5b204b5429,negative
c0414a6961,neutral
65bef2f8c9,neutral
65e715d6e5,negative
4b34697ec5,positive
36c50ba510,neutral
cea5b3f191,neutral
aa221b6a7d,neutral
ffcd5cb36e,neutral
cb8ff954c0,negative
af9a810c77,neutral
d98aa88591,neutral
a7977acf38,positive
5a9faa4da8,neutral
1b8c3ffa29,neutral
aa1a163174,neutral
a4bb5d0c5c,neutral
24e58e264b,neutral
01f2c9bae6,neutral
e02cb0c9a8,negative
3f8df1fed3,neutral
4b8092674a,neutral
ef7149efd3,neutral
c00890fdfc,neutral
e3592de395,neutral
ad970e1d3f,neutral
098f6ce321,neutral
2cd5a21fbc,negative
fcc4f3baa5,negative
b86fe0c61a,neutral
ea1b1fd1bb,neutral
ec00ec25c7,neutral
17d1fdde01,neutral
91de6a547d,neutral
6e8fb1ede7,positive
fd9f6c3e21,negative
c3892f8e77,neutral
639aeb628f,negative
ef465b57eb,neutral
e0ead16a3d,positive
b09213d54b,positive
79256fbe62,neutral
5813e09e81,positive
50d03d593e,neutral
6816923abd,neutral
2524332d66,neutral
1900a6978a,neutral
e8d9d9671b,neutral
c69ccdfa56,neutral
3c6723fa1b,neutral
85e2495324,positive
16b52fbd17,neutral
755bcfd6a2,neutral
fdc09f2f0b,positive
1643564ce1,neutral
b4b9d74b06,negative
b593189c2d,neutral
7a83b8c7e2,neutral
66762b14cd,neutral
7d59117a75,positive
a769b2340c,positive
4d31092a19,positive
fc4660a609,neutral
74450e128f,neutral
337ebe2747,neutral
9db7e301b9,neutral
7013b54ea6,negative
990c3cf35f,negative
10c5d92ceb,neutral
b8293bb838,neutral
cb8cb99053,neutral
a22d319e5f,positive
4d3de34efa,neutral
8e092e15ed,neutral
356fce670b,neutral
1ad6adf2ab,neutral
53dbbbdf7d,neutral
5534df9445,positive
ea390d1f7b,neutral
7880cbca66,neutral
58aa2e3401,negative
d65a8658b0,neutral
3e99f423ba,negative
d1b38c33f4,neutral
0345e7e526,positive
53eacec2ef,negative
ad2d036578,neutral
9e5e8ab6a4,neutral
47126dd509,neutral
e9ef9a00e9,neutral
3da51fc31b,neutral
ddc89d5956,negative
499f7fe7dc,positive
1f35cb2e27,neutral
23ea783065,neutral
dbae8ffc58,neutral
46e5a5f63b,neutral
b9d896f209,positive
25080c4bad,neutral
760b2e5dfe,negative
580f2c99e1,neutral
e243bee98c,neutral
12b499b4ca,neutral
95410148bf,neutral
3acd68b4cb,neutral
f3933c4b73,neutral
245e5f25e2,negative
70740addc0,neutral
29d1ec5e7e,neutral
78a3ef0435,positive
f71ed6b273,neutral
abc7f39d90,neutral
b145670ac9,negative
a193f3b9e1,positive
cccb3d7081,neutral
07ae045cbe,positive
a5640db7a7,neutral
cc1a219c1c,neutral
1eac051f9c,positive
31f2861133,neutral
8e65e54144,positive
61ee532258,negative
52020ad422,neutral
7bbc5a2473,neutral
dd2a769f04,neutral
b4ebfb22c6,neutral
51bdb4d865,neutral
f948e704f4,neutral
87fa9ce0c5,neutral
f734459c4c,neutral
5e14887b13,neutral
85eb03d6b8,neutral
7909fa421f,neutral
36631a41d0,neutral
8f11bf53a2,neutral
7e21d8a7ab,neutral
2f00504c96,neutral
bc14c389af,neutral
dae7a3eeb1,positive
9b7811b2e0,positive
06b8d9e26c,neutral
bcd7910701,negative
7c229b34c1,positive
f26105a320,neutral
0a5e7d6cb1,neutral
b34a3fd669,neutral
05810a7cdd,neutral
8531be3694,neutral
70187852a7,positive
31d03bff54,positive
2938f51a3a,neutral
a153babf33,negative
4baf1c6930,neutral
d409e4ce46,positive
dbc696a3ef,positive
237b093176,positive
2b8b0a7d10,neutral
a8a1e94417,positive
c99820b355,positive
4841c38e53,negative
bd3b30d13c,neutral
8c03f75944,neutral
570a5c063b,neutral
383aa5ec8b,neutral
038a99e313,neutral
8862c02132,positive
d83606a58a,negative
9412b17d47,neutral
db76d74945,positive
f873960a48,neutral
aaf69acf6f,neutral
361b6281a6,neutral
1fb696a58c,neutral
51f56d7464,negative
1b673ea212,positive
ffe02fe3f5,neutral
8255b23e72,neutral
e108bb4fa1,neutral
9599acaca6,neutral
3bd6b2df8c,positive
c281b14817,neutral
93eb6effbb,positive
30abfb5b07,neutral
419862456e,neutral
5c8a453297,neutral
2bbe1f652e,neutral
0eb1ab3558,neutral
baf2ccb1cc,neutral
259a4c12db,negative
b56c29ed7d,negative
f1f8d50eff,negative
f61ae5403a,negative
97fd42d38b,neutral
72624c934f,neutral
20967289f5,neutral
bd5f768159,neutral
9b1060a30e,neutral
704dfebd66,positive
1177c602c8,positive
92866f7b8c,neutral
13d0b4314e,positive
892b8a0cf8,neutral
5d8102cab8,neutral
3fcdacf90f,neutral
17d1a66db4,negative
4d22612bb6,neutral
3cd2b0d233,negative
da72cfc9cc,positive
fd57cd4c4e,negative
0a57a17968,neutral
a9e176a76e,neutral
41ff25c568,neutral
064b2cc709,negative
00b7a60703,positive
6896f19343,neutral
cce4a3ca50,neutral
c9d4cf96af,neutral
733ac52be6,neutral
cf1a0bb3c2,positive
8b1ef2334e,neutral
d31c27398f,positive
9f42f42b4f,positive
98cfd1162e,neutral
00c8cfed18,neutral
bbe85e3495,positive
0cc4081476,neutral
c45f5fb9e6,neutral
7e5457bddf,neutral
d138ab0b3a,neutral
6ade83d96d,neutral
fbbeb51073,neutral
74b57c43cc,positive
f7638c4126,neutral
562c683a44,positive
1f403981ef,negative
9358a6253c,negative
628bab2c42,neutral
d934e438cc,positive
548b9da461,neutral
e0f9a074cf,negative
5fb992345d,positive
590ede849e,negative
b78e0c4c19,neutral
02073f1c62,neutral
112da4faa0,neutral
1d3c1b4821,neutral
70d05bf740,neutral
816bbfcd52,neutral
40760ea4e8,negative
d6738c3768,neutral
e0d893b360,negative
e344ef4cf6,neutral
84f961fdb2,neutral
c002c2eddd,positive
7369cf2fc5,neutral
543a06c64b,neutral
1047b78606,neutral
62dd5efb10,neutral
4652d96d01,neutral
1f9019bba5,neutral
e8a7f5e1a3,neutral
2f2721c6fe,positive
9c52e5ba66,neutral
d72748e39c,neutral
bb96cfef66,neutral
14c6d8edd1,neutral
44c3407b4d,positive
6f15fcf64e,negative
5a4ebbbdba,neutral
6ee991d0cd,neutral
9932b9c033,neutral
8ba9d3448f,neutral
f6f7382036,neutral
a93501213c,neutral
703a5708f6,neutral
683149f529,neutral
9a00c7fd06,neutral
9a1177c3fb,neutral
226dcfa96d,positive
e4364d95c3,neutral
b14b4d5209,neutral
f04b0ca7f2,neutral
44c7e944b9,neutral
fb6110efb9,positive
61c907173c,neutral
2334ad25e6,negative
c2484278c9,neutral
e39cb0ca13,neutral
5f54c3d4cb,neutral
62e1413e85,neutral
d7b287d1e7,neutral
67ff57361c,neutral
762a44afb6,negative
1a38bc0602,neutral
a0c3ef4a01,neutral
de2a14a465,neutral
94488794d4,neutral
12b631ca7b,neutral
95dfefd4e7,neutral
e637c11dca,positive
3775d15b1d,positive
7f62c60ffe,neutral
a5abb95859,neutral
e32bcc9304,neutral
f4e8990f70,positive
2f9f6f89cd,neutral
a86d48a430,neutral
1e2e4371a9,neutral
dd3dbdf77e,neutral
8d4c510735,neutral
4ea8274298,neutral
b521edea57,neutral
a74b7578a5,neutral
173738ce2a,neutral
674bb5ca74,neutral
6e424d5ccf,positive
d4305524e2,neutral
e71ac19463,positive
ab464f70e6,positive
d546f8c422,positive
bab26fdc24,neutral
4f0c1d97c4,positive
24a7c7e988,neutral
b7b0f4fb71,neutral
6957e5f1bf,neutral
ee87e14bee,positive
0f9b915617,negative
f3afed1887,neutral
51d74124da,positive
bcd831b113,neutral
f39c65d9ef,positive
1a9933a4fe,neutral
c4453ff2b8,negative
a3f0f32135,negative
f433396b44,negative
6388c670c6,neutral
bc3032341b,neutral
b7c1a22a62,negative
ca66e5e4b6,neutral
be16255b41,neutral
8fa75341d4,positive
d147a9feb1,neutral
afc17894d4,neutral
03b569041c,neutral
ea5c577cb7,neutral
9891da8fff,neutral
5f42a2d026,neutral
d3a576d221,positive
eea9145f1b,negative
49ec0f5742,positive
7b65e54ea9,positive
80832ca578,positive
be226efbd2,neutral
0b581d3f9f,negative
1973abbb06,negative
7c6b2e810a,neutral
ab07a3fe36,positive
b8d1e767b2,neutral
efba862a1b,negative
d109999477,neutral
cf64d19714,neutral
cc153c2a35,neutral
c5556624b0,neutral
f46d274a8b,negative
910a250227,neutral
ab52225ed8,positive
f40d533a23,neutral
c336250f8f,positive
f23c1c4255,neutral
896289196c,positive
02624773ca,positive
31a107dbcf,neutral
eabaf375f4,neutral
51313cb3fd,positive
42ebd9099d,neutral
6ac3031bc9,neutral
666f836b32,neutral
6e41749ac7,neutral
98f836e4b6,negative
88b6d952b6,positive
f6d56869b1,negative
58272bcdb4,neutral
5ded2a1364,negative
6612e42b28,negative
c10ae302bc,positive
980578403b,neutral
de0673a07d,neutral
dc0f5bca14,neutral
787df2fd0f,positive
36f885a911,negative
acf54fad30,positive
8b0054a807,neutral
4bc7d627ad,positive
6bdd5e9d7e,neutral
af706b4c58,neutral
4987043fd4,neutral
e7f2b44a1f,positive
cc53e85d21,neutral
9508bfc99f,negative
3ba9e80d1d,neutral
300c739684,neutral
e056f0a268,neutral
a050668b78,negative
887e90ff88,negative
047abbd04e,neutral
b6d5af9406,negative
fd34ad6207,neutral
278c0dceeb,neutral
b6f66e0621,negative
1853fae31c,neutral
87c799a397,neutral
4bc4d97503,negative
d11816c1c7,neutral
0fe8023456,negative
a9b19af9ee,positive
6d65d9dc54,neutral
5f91766356,neutral
62c9a90f1d,neutral
2d5b920414,neutral
b96b9ecc3c,neutral
a0e8168015,positive
4f9ee6208c,neutral
e5339e66dc,negative
7811012154,neutral
2d361cdd4d,neutral
eeb047e369,neutral
f7378bc34c,neutral
d682402e60,positive
2983528f77,neutral
4bb00e884a,negative
4e4e9c3802,neutral
fc6128f4e5,negative
bed26c1d7f,neutral
b6262b919a,neutral
61eae11e5e,neutral
536116702e,negative
1ee5496252,positive
baeb21b26f,negative
d8f4aefacc,positive
1f7717fc7a,neutral
70932f6376,negative
eba3cee9be,neutral
a5e47d75c0,negative
10b36df3e0,positive
c027e514d7,neutral
3dbb8c1489,positive
b8c518e02d,neutral
eeff416e05,negative
a267dfc19a,neutral
3d1d381278,negative
8d36ad290b,neutral
bf6727bf27,neutral
3864a39777,neutral
e84aa8b193,negative
defc8b34af,negative
4e43ad756c,neutral
0f22984306,positive
ee9eaed59b,neutral
6dc625db0d,positive
671f6900a9,neutral
0e0424c9bd,negative
e6c2edcb0b,neutral
9b210c4a6f,neutral
4d461bba2e,neutral
b733d36b6e,positive
68c674acdb,negative
6cadda7b98,positive
79a28b1ac7,neutral
92d94fa045,neutral
05a1b09ce9,negative
e6b01d5777,neutral
2c4b87059b,neutral
8c5e613c41,positive
6c31bc1182,neutral
5f4e052208,neutral
8485d5828e,neutral
3735770b07,neutral
4c395ff61b,neutral
cb673d84af,neutral
4ad37ac5b7,neutral
929b5c888c,neutral
fa959f2dd3,positive
78d89e7c64,neutral
127ee02f19,neutral
f6c69d962e,negative
4a653d8227,neutral
35eb97a484,negative
55441697a6,positive
49a1fc4061,positive
2e49927901,neutral
f85c7e5ead,neutral
6033018ee4,negative
0c35e093bd,neutral
7069dd2486,neutral
7a78bcf308,neutral
894e948ead,neutral
fa89412e2a,neutral
12b2075369,negative
0d77390e74,neutral
8f3fc77f66,negative
df0f568747,neutral
67a5d0a19c,positive
0435d42f80,negative
1e633e1874,negative
81950f02a4,positive
0b8b37ba52,negative
aeb0593edf,negative
e09f5b6b95,neutral
f60dbc9737,neutral
e0e9cb3902,positive
3ec9a1578c,neutral
349251e2a4,neutral
07c4438a0a,positive
441e2a5a82,positive
09140327f6,neutral
2fadf73014,neutral
ef5ba215b6,negative
440e8fc447,negative
7eb1620dec,neutral
bdc7de6846,positive
d2565af489,positive
4ed4f2fce6,positive
ecc58c9428,positive
915ce84b4b,negative
4d194d770c,neutral
eed1736183,neutral
13ca815d01,neutral
48a90031bd,negative
1c14b45cee,negative
242de9277c,neutral
b287d39fb3,neutral
986073590,neutral
081ac56240,neutral
095410237d,positive
3cf6817f75,neutral
edd38781e4,negative
d664f99182,positive
e8ddfa3959,neutral
502aa24ca7,neutral
3861b033fb,positive
86a28f67e9,neutral
83c92f835b,negative
8d138ab15b,positive
9e8665abc5,negative
d4623c0bd6,neutral
75ca238abe,positive
ec8507eef4,neutral
65c1831198,positive
dcb745bcf2,neutral
cb1a68137c,neutral
a4d578eeb1,negative
64cf7657b9,neutral
650fcedd22,neutral
0e0b4a2960,positive
106a999786,neutral
6c18eab109,positive
d792349406,neutral
dbdbe24969,neutral
5a3c9bf459,neutral
f61861742c,neutral
2a69a25949,neutral
8d02587ab0,negative
6940969fb4,positive
06aaa8e680,neutral
f4052e9331,neutral
35f539ffa8,neutral
736f2bd7b6,neutral
35e15c616c,neutral
4104064854,neutral
d5c25dbc63,negative
34b7f333cb,neutral
bdf9453e5e,neutral
6c409292ce,neutral
ee89b16825,positive
9f0147e874,neutral
1962233e5d,negative
f2d120c26e,neutral
10c841e57b,neutral
5aa568e0a4,positive
2c9aebcb01,neutral
101a8b583a,neutral
e01eb1cf88,neutral
7017d6c8cf,negative
4793312f15,neutral
ed539778c1,negative
198854f289,neutral
d1aa96a414,neutral
92fe747a96,negative
784fbab498,neutral
a3dff88c1d,positive
1977ce206b,neutral
21c6854561,neutral
eb9b4d2431,neutral
0b3b751482,neutral
932af12853,neutral
aacd4d0c3f,positive
ee35fcd036,neutral
44daf50a02,neutral
7623079330,neutral
e64b0cc77d,neutral
780ee451f1,negative
59ee5ff2f9,neutral
001e4be1ab,neutral
363460c8f4,neutral
5be8565b8d,neutral
ecaa478ef4,neutral
acdbccaeeb,neutral
fc28b797bb,neutral
5a8f396cb2,neutral
06a6314076,neutral
82ea51ab18,neutral
895cec1c48,neutral
8fb50df8d2,neutral
37fa199c50,neutral
121b9c13c2,neutral
451880b8a6,neutral
c08a90abbd,positive
23dad0b69f,positive
470f2669c4,neutral
53aae02026,positive
ec946f285d,positive
0b25a31b7e,neutral
d2a3207aae,negative
5dbb7ae2a3,negative
151779dfad,positive
c4393e4cba,neutral
88051e4bea,neutral
845495ffac,neutral
241afcd4ec,neutral
eb85ce805d,neutral
a04227ef4e,positive
98c11bdba8,negative
11634e3bf7,neutral
944cb46d62,neutral
c9dfbf4275,neutral
1c2a41d71e,neutral
c5d1af4ed5,neutral
8c582b0575,positive
db331541b6,neutral
82c72d7fd0,neutral
ade8ce79b8,negative
80d96cab37,neutral
2a054d9205,neutral
2f8250d0df,negative
0c83190ad8,neutral
7ebaf21cf7,neutral
cabf8f9dea,neutral
706a860942,neutral
5de3c34293,negative
327f378bd9,neutral
9d187014d5,neutral
e4f5ac16a7,neutral
7120ebfa1b,neutral
1b64ea8f30,neutral
954f523ded,neutral
ed4b3d03eb,neutral
87187923db,positive
bd13675621,neutral
e389e41385,neutral
88375a5f3e,neutral
7257f9b2b0,neutral
d80d99b28c,neutral
f6d3caf9ed,neutral
a00246028f,neutral
57f432f582,neutral
14193ff01c,positive
07a8205fee,neutral
11e23ea0ed,neutral
9198679ac1,neutral
348804d270,negative
dd7a9fb210,negative
839095ea38,negative
fb10c20429,negative
f52e7e5a88,neutral
db4a79059a,negative
9114d80bac,neutral
7674cfa90a,positive
7dc87b5fc5,neutral
6328fd1b81,negative
0473875c4a,neutral
3709c4e1be,neutral
962ca0488f,negative
846d43bc8f,negative
aa6e04fee2,neutral
b84d47c65f,positive
646d1df036,neutral
b00763f904,neutral
da60c4db48,positive
ebecd8135f,neutral
5b584d38ff,neutral
eaf8a522e9,neutral
4e38efebc2,negative
3195d34e5b,neutral
8d2be5bfc8,positive
6788d6c565,neutral
fd7434a0e9,positive
3e3496c6d4,positive
81defce8a3,neutral
62ed3d6141,neutral
1219ed4a21,neutral
9c90694664,neutral
c35b8dbb8a,neutral
b39dbc6ee5,neutral
3df0f721e1,neutral
e9c8585ad1,neutral
2c9d5de236,neutral
f3912c1463,positive
fc5aa0f34f,neutral
ce71d002ec,neutral
dab7f56791,neutral
4c1733246f,neutral
cc1f8918df,neutral
76f0861133,neutral
074b2d89dd,negative
398d591255,positive
f8d8ebaf8d,neutral
a267c3e874,negative
c6e5884baa,neutral
b1ddb9811e,neutral
e30721df0d,neutral
ac4a84a76c,neutral
959c593450,neutral
f20074e0d0,neutral
259b075523,negative
19365e33a0,neutral
78b24a76c4,negative
00276ae6b1,neutral
3592e3ebc9,positive
79c57e46eb,neutral
54eba9eb73,positive
e17302312e,positive
360af83c85,neutral
4331a46aba,neutral
10502f22bf,positive
6d7cbd206f,neutral
5be9ccda69,neutral
0dc0eb905d,neutral
a29a76a54c,neutral
63491134ab,neutral
4fb2131d08,neutral
2cec07986b,neutral
5e84445c6a,neutral
fd5eece5b2,positive
7b88197891,neutral
3ba8596881,positive
ee6febbfb4,negative
fff97388cf,neutral
e54c45018b,neutral
2a2c1635c8,negative
ca929837eb,neutral
046af350ac,negative
19f108c62c,neutral
7a897c9999,neutral
1aba7766ca,neutral
575e4a89fe,neutral
7e8212f5f2,neutral
8800a2d912,neutral
e05fd863d4,neutral
09a5b9b958,positive
32b129dc3f,neutral
b4031d0753,neutral
e7a0f7ac99,neutral
a9da40eedd,neutral
3c9419868b,neutral
0d45e4e926,neutral
b667160840,neutral
587cf8a61e,neutral
89ac21e1f6,positive
6769efef8a,positive
b1f6fb88d4,negative
34a862a739,neutral
5da03690bc,neutral
bc7b967aea,negative
9be622ea54,neutral
faee4563bd,neutral
02baa25e55,positive
e162b84433,neutral
156816e845,positive
c13b15d9d1,positive
204d6510c6,negative
fbd510ea84,neutral
2793cbbfab,positive
490734b764,neutral
b106a248a9,negative
9f9a4e2bb2,positive
6e2c555beb,neutral
838c1184b4,neutral
b04dcbb3be,neutral
71c6b00c21,neutral
81de3c6143,neutral
bfb0644d9e,neutral
f02bdad05e,neutral
f57f3b6265,positive
16a66e0b8c,negative
84c5b0a3f6,negative
83e576fd29,positive
9946895c91,negative
49ec855925,negative
ee51d32074,neutral
ab5b510355,positive
d64eec0d6c,neutral
75b30e5358,neutral
514b972ba8,neutral
bd90c840ea,neutral
3ee7e1cbb0,neutral
e5599343e7,negative
0b20eef5b1,neutral
790af846a5,positive
f6e3a6dd55,positive
abc1500c46,neutral
9d6fc9c77a,positive
73e548424b,neutral
316d5aeaf6,neutral
7907132523,neutral
43ee9d3c82,neutral
a584ebd602,neutral
3d4b0a81a6,positive
b303da170c,neutral
9f7da3aa4a,neutral
e22beff480,neutral
a6a3368db8,neutral
389fc0d397,positive
1bed6bec2a,positive
1ca1423c00,neutral
778c5660f8,neutral
9dfd003f1e,negative
f61d7dbd8b,positive
f5d5f1fd33,positive
6be041409c,neutral
4c79259b5e,neutral
9cd32dbec4,neutral
675ce92149,neutral
1d84094014,neutral
dc9685bc8a,neutral
b7e17b2bde,positive
903cce2dcd,neutral
1c1077af54,positive
c625cee17b,neutral
6c82821920,neutral
ced1083324,positive
1d428212cb,neutral
a4ee41dc64,neutral
12da846f8e,neutral
4f1a7d1d2c,neutral
d901264a08,negative
61ce1c40e5,neutral
8dd7e34100,neutral
6475c6d26d,neutral
b681aef9aa,neutral
5423cf0811,positive
ace8edef1d,negative
8b3811c819,positive
e9174e5bb2,neutral
0b6444627a,neutral
960ade8bfd,neutral
a8bf8239bd,neutral
33680fc87e,neutral
e0264b2a5f,neutral
25ce655a84,neutral
25f1991c36,neutral
84fcf21a64,positive
7de5a7e4cc,neutral
389a3e653c,neutral
4c0329867c,neutral
20a5175d49,neutral
2785576a5b,negative
b7299d0e70,neutral
e035aa9fe3,neutral
5eb31e181d,neutral
1281b062a4,neutral
54aa9ae3a8,neutral
1d18c624f2,neutral
9fbf0d59cc,neutral
f2a92aa5ff,negative
0d737380e2,neutral
592b350f6f,neutral
4363c63d9c,positive
533a5604dc,positive
437f792822,positive
de168e6328,neutral
d60072b03a,positive
8986091fd3,neutral
3b743ded7e,neutral
79e7a9ed8e,neutral
dabac40552,neutral
b0cae38eb0,neutral
96e77388b8,positive
3e9ba7f25b,positive
4fb0995de8,neutral
e711c03c57,negative
52576ae085,negative
2b049dbcb1,positive
adc5ea18b3,neutral
5c9645561c,neutral
ef329bc827,negative
841a5cfcdf,neutral
52eaf44b44,neutral
895de1648c,negative
9e972c1093,neutral
ebf2a10961,negative
bd74c21c43,neutral
a6aeb0b520,neutral
24afdc75e3,neutral
0d4d5b49b2,neutral
78819d2e53,neutral
91c44d5912,neutral
11aa4945ff,neutral
495299c926,positive
7f3b118605,neutral
3da6270b02,positive
9a2689017d,positive
5eea04087b,negative
7058fc87de,neutral
95189cd3a8,neutral
40ae4f1f0c,neutral
d24c474353,negative
b13981be78,positive
44b0b41b62,neutral
a2c8b8dad7,neutral
4d818fe6e0,negative
b8d9a368ae,neutral
0010bcc0e2,neutral
58c5bad2d3,neutral
7407e1cf5a,positive
0e3d0b5ab5,positive
c0e5365bf0,neutral
0be9ed25f8,neutral
04095b70bd,neutral
64b8d96644,positive
68bf3f1fec,neutral
8e3b60deaa,positive
341ed728c7,neutral
f585c22106,neutral
888b3fdf3e,neutral
540f0477e3,neutral
79852f9590,neutral
32b2c8b924,positive
94e0366b6d,neutral
094681e31c,positive
6641548d60,positive
b05be3118d,neutral
291b817092,neutral
f837a046a9,positive
a567459a1a,neutral
4cc3d3824c,negative
e959cf04e4,negative
271bb5e6b7,neutral
c8b610923d,neutral
27d0c01bc2,neutral
b86d2cca27,neutral
9c11756ef3,neutral
7bad0b9772,neutral
c6881ba0e1,neutral
81622f137d,neutral
82cdd851b7,neutral
911bd25026,neutral
a64b23f5e4,neutral
30e7967de4,neutral
f45a9649fb,neutral
da5c3fa1ef,negative
22e5e3cad2,neutral
3ba549158f,neutral
a975e49753,neutral
c3541b6a2f,neutral
40e1ca4ab0,neutral
08d8063529,positive
36aabd3627,negative
8f851c59f6,neutral
a351659f85,neutral
33ae501ac5,neutral
3775f77081,negative
cff0e3e256,neutral
0ac7e72578,positive
b854daaaf8,neutral
85117f3ab3,positive
daa651cfd4,negative
85de235e0e,negative
a8e51d1a43,neutral
28825fc1f9,neutral
0796ce6ac4,neutral
416726e6d2,positive
0e4bcb3a52,neutral
dd77d3f5cd,neutral
bf46ac3c7f,positive
3742419885,neutral
a203734990,neutral
2b70bcd0ad,negative
50dd008fb5,negative
c501544be4,neutral
5b5be601c2,negative
ddb4330613,neutral
cc0ad12b7c,neutral
4aac092937,positive
a1ae4e2000,neutral
8b37012287,neutral
856bb40ae0,neutral
cad8db609a,neutral
93a199b78f,neutral
dd49f1179d,negative
5f455a3147,neutral
1d5d10eedf,positive
16357f7283,neutral
5657eb8429,neutral
65c7eae9b6,positive
ebb86c4db5,positive
5bf798868a,neutral
756d255e40,positive
4d21d7611c,negative
131bc4a304,neutral
0a2c386597,neutral
71617c28b6,positive
656e4dfa55,neutral
fb08563a7b,neutral
5c04a86c88,positive
94c3127153,neutral
226c11669d,neutral
79e554fd60,neutral
582e5d7420,neutral
f18ed21359,positive
206aba0edd,neutral
1f2445122f,positive
ee100f96c1,neutral
e939fe583c,neutral
a1f42c0c89,neutral
2cebd75ed4,neutral
5921dbcbf3,negative
e1db1eab6e,positive
982b1c05d3,positive
afd2159e57,positive
533d941f5f,positive
38c4f74767,neutral
f50fcc36b5,positive
676b733c57,neutral
1aa65233b0,positive
f422f53b7f,neutral
04887b5405,positive
f7f3dc7102,neutral
081a4e8b31,positive
1f45286504,neutral
6ed0958471,neutral
2132f07ca3,neutral
6db884e1a8,neutral
9fb3633760,neutral
5181eb11e4,negative
13cad32c3f,neutral
41a86a9b67,neutral
0b2ccf0b7e,neutral
6f91801792,positive
d8f089b479,neutral
ded636e263,negative
52d7fcfd39,neutral
5acf4885d4,negative
dfe5909132,neutral
59d4b58ebd,positive
b5cbb35228,neutral
ad1524a0c7,neutral
0382b0a358,positive
fe9c9f7f2f,neutral
7a4f2f28ba,negative
4b3a5b41b6,neutral
b6cd695d48,neutral
cd60606781,neutral
32e183bbad,neutral
15e5ad39f3,neutral
bfca4ba8ce,neutral
062ffc4f0d,negative
5bdecb0d75,neutral
1b59763e81,neutral
a17703215b,neutral
a240940b31,neutral
6c256de604,neutral
5955233380,neutral
51be0f0a7c,negative
11946e367a,neutral
5d9e44e6aa,negative
a37538b291,negative
c9a52dee1f,neutral
1dda981140,neutral
35aa02c551,neutral
dbeef30a84,neutral
67381561f6,neutral
3911f274d6,positive
ed84aa3983,neutral
822cf03d0d,positive
670ce5e88e,negative
10022832ae,neutral
7f8240f623,neutral
f1776ec89e,neutral
2ea6cb3bd3,neutral
877130d7e5,neutral
1937abbaac,positive
0a36e72ac2,positive
e4fa21bd2f,neutral
cfd68d702e,neutral
b5da09a0f6,neutral
53a531c7b4,negative
32739ec46e,neutral
054d16c70d,positive
b1195a418c,neutral
2d782345bc,neutral
b8b975d265,neutral
4b1e5d7c3a,neutral
5898290010,neutral
39f74c5153,neutral
3949bb2591,neutral
ced0bb0d25,neutral
5428d6a1dd,neutral
3f09fa2af2,neutral
cee062574a,positive
166332e48a,positive
8f25eabe4a,positive
3c41934098,negative
9c1e71d5e9,neutral
1cebd63a24,positive
8e48929733,neutral
6545e365a0,neutral
b221ecd789,positive
c28bdcf8dc,neutral
43ee369d34,negative
9093f4a84f,positive
b432c9fadc,neutral
87b8d7449f,negative
36589d3c2d,neutral
5055018a65,neutral
28013de754,neutral
df82999f38,positive
ccd4caa001,neutral
e10587e6de,neutral
d41721b745,positive
fc5de3287d,neutral
96ed7455c3,negative
1cf039efa9,positive
ecfcc8230f,neutral
3b5d1cc375,positive
5dfc83d141,positive
7a7f7181c7,neutral
38d2b216c7,positive
5f58dc8b36,positive
b8332c63c9,neutral
da62e66fac,neutral
d3ac1634fc,neutral
ae5b8cf7aa,neutral
2fe4f05a35,negative
aee0796720,neutral
5b6212874a,negative
49d708c7b8,neutral
360583f897,neutral
123704488c,neutral
3d22669847,neutral
a47a7599e3,neutral
cbb9d08353,neutral
43cf42df19,negative
82319bb9ef,neutral
0f7696a955,neutral
5213af0cf4,positive
c400b1fb2f,neutral
225e7973da,neutral
9a9fa3f033,negative
4bf04f6e67,negative
989ba2d8e7,neutral
cb4adb2254,neutral
e4ecd62689,neutral
adb0fc398e,neutral
46ffb6bd0e,neutral
20bf68a459,neutral
e0f831f552,neutral
968910f054,negative
5cc015ed85,neutral
380c3d243a,positive
489b7fc86b,neutral
05198b8107,positive
3c4cd5a819,negative
d276268ebf,neutral
78e07d2075,negative
e7a714bd8a,neutral
9c8ad0b932,neutral
f765bed159,neutral
3e661b33eb,neutral
17029c297a,neutral
565e68ade9,neutral
d4753cae10,positive
601a57c65a,positive
17bddf4bf3,neutral
127260366f,neutral
42a95b10b3,neutral
9630a8a60e,neutral
02b6664fc0,neutral
74e71ffd48,negative
2bb3411362,neutral
172b9d5155,positive
a3893b1fce,negative
6bdaadbc09,neutral
949020a350,neutral
d8d52d2cb2,positive
63a1fa4db7,neutral
8362ba6ae2,neutral
89d0e4972c,positive
ac4f58fce3,neutral
e8641ec31d,neutral
a56416d946,neutral
efbd798924,neutral
eff365b5b5,neutral
53e1fc3b18,neutral
e52e2ecfc5,neutral
49c713c76d,neutral
855545a974,neutral
e96601d516,neutral
dd3d4c2edd,neutral
cb7163bb37,neutral
788e29ae5c,positive
eaa096c532,neutral
f602450df1,positive
63983dd792,neutral
1981e74a66,neutral
876bfcc38c,neutral
a8d61ff137,negative
a375a16694,negative
f420223044,neutral
75b9768faf,neutral
4c973ec65f,positive
f554f3fa53,neutral
ae12877dcb,neutral
101bf94294,neutral
a1b12787c2,neutral
8645287c66,neutral
c8384a0df6,positive
60fbd17c2f,positive
51600bf195,neutral
94f0a2521c,negative
1c5ca67cf9,positive
07b995a175,neutral
5664973d05,positive
b1caa80c14,neutral
5afa60036c,neutral
c0aee462ca,positive
d4834cfc49,neutral
ab6d4ad2fa,neutral
54717dab38,neutral
80db97bacc,neutral
47617218fe,neutral
656a58ba47,negative
03d9dd414b,neutral
4f2bf0e4b8,neutral
de20a4f9ba,neutral
ceab14b717,negative
c2645bfd2f,neutral
9f2322eb66,neutral
19693f5997,neutral
d1732ef2a9,neutral
fcb934b1ea,neutral
acdd6596e6,neutral
f4c5160e40,positive
0e3f632892,positive
0b8cd8a6a8,neutral
29d1f7e4f6,neutral
264871e342,negative
e4bb03893d,neutral
cab95c99b8,negative
d847cf8346,neutral
babe7f5404,neutral
63f47fb1e1,neutral
bc9097ade0,neutral
34ea29707a,positive
cd00966e36,negative
40d5393a6e,neutral
3db940a3d7,neutral
9a2c6ae21c,neutral
fe584461ef,positive
f7c49f422f,negative
95dbb10a09,positive
68e1b374ac,positive
bc3d152a07,neutral
77de10258b,neutral
7ea7deb09d,neutral
4805e663c0,positive
85859d775f,positive
f61a3d6393,neutral
89a5639a24,neutral
454c890bb5,positive
20eeee52df,negative
e14bd46ac9,neutral
36c1a56493,positive
88ea8d1421,negative
5e80e58699,neutral
1caf64ff52,positive
70fba04997,neutral
570c1a92c9,neutral
07dbf16cf0,neutral
dd069f5bbf,neutral
414734257e,neutral
93c0d86282,neutral
2b2f63eb2c,negative
d8c30b8a27,neutral
1efbccc936,neutral
8a768f4305,positive
b9b4e92118,neutral
67447c7a51,neutral
a0450b3745,neutral
d3c0cd9fba,neutral
70db92882c,neutral
54919bf6ea,neutral
2ae6fffca5,negative
0a34728a30,neutral
cfa90fa221,neutral
ba59e4ea3d,positive
1115490075,positive
c4df4b1e33,neutral
1dbae05df7,neutral
04d19a025b,neutral
df566d4c87,positive
25722484f8,neutral
94f554867c,neutral
7f5c419a7e,neutral
e3a8728252,negative
333f3d42e2,neutral
4e643cc041,neutral
55bfdcf9bf,neutral
564d996422,neutral
3a07e1cf57,positive
29a6fac317,positive
4c2cb5387a,neutral
d0a4b8bc09,neutral
484373037f,negative
b37fa20e4e,neutral
6dc1aa9db8,neutral
ba7df25a0e,neutral
4178eae6e8,negative
d50b0a5b94,negative
f99a3c423d,positive
5fa63f624b,neutral
5b1260de70,neutral
3b26122664,neutral
b1da216450,neutral
e818eb3851,neutral
3c58b704f2,positive
0fb19285b2,neutral
b8e35a07a2,neutral
df8b63c379,negative
f9752f3768,neutral
d760e45546,positive
914ab55259,neutral
42590d5199,positive
aa4724b924,neutral
5683fb4e31,neutral
d73e917df5,neutral
b3d1523864,neutral
3555ac7c01,neutral
118e2d6168,neutral
a17c16036b,neutral
96f3650135,neutral
d528912ba9,positive
b3920a7615,neutral
226df3194c,neutral
7ae1f564ce,negative
f1f5baec38,positive
d05b0f464a,neutral
bbbe1a1a9b,neutral
31b002108e,neutral
8af4011f58,neutral
55210b6e39,neutral
aeb56209ce,positive
5026e37179,negative
6d6e5c1d96,neutral
bf580a287e,neutral
31d102fb4c,positive
4d3c23d2e9,neutral
3eacf08209,neutral
b659d14173,neutral
e78f6d920b,neutral
6d6e1944dc,negative
1c25a69c6c,negative
4862263051,neutral
97fb7ec718,positive
18fbdd718b,positive
c7f60af36c,negative
c467f58715,neutral
c8a1dc1f03,positive
6e059414a2,positive
e337f23744,neutral
70fa6e0152,neutral
096ed753e9,neutral
46cd71439a,neutral
66dfc52d42,neutral
6647959804,positive
0754d96b4a,neutral
12ceb7565a,neutral
ace00f13fb,negative
15e2731c37,neutral
8628349c27,positive
99e466c1e2,positive
1e4e4b607e,neutral
54698d6dd1,neutral
b3cf47c9c0,neutral
bd213e5f40,neutral
c964730131,neutral
052fbbb0a9,neutral
39e873ffd4,neutral
e2c48f0201,neutral
19cc63aca3,negative
5d713d947f,neutral
f180c62405,neutral
808aaa8dc6,neutral
2f43347970,negative
632ea65f37,neutral
79f4e2fe31,neutral
3cf7d3cbea,positive
20a2a8c3c8,neutral
5875847743,neutral
15db00c707,neutral
904af41287,negative
88fad37761,neutral
b2dc9aa460,positive
4c2003055a,neutral
e2eaec80b9,neutral
e96ef28e55,neutral
1eabe43846,neutral
c83acf7a6f,neutral
ef2f959764,neutral
32ad62e131,neutral
da15c4b003,neutral
670244dc63,neutral
38b6b897f4,neutral
be346f0d98,neutral
be8e327d50,neutral
0c37fc95e3,negative
00688f0441,positive
1ee78ef6e6,neutral
98434ae90d,neutral
ee55b5844d,neutral
520e9b5484,neutral
41e9e0fc5d,neutral
934ac753a2,positive
b943a19a88,neutral
efac7aecb8,positive
318bade93d,neutral
ecc56a776a,neutral
3c048c6a14,neutral
0d63dff2e5,neutral
1fc3517acb,positive
4ef9dfdd0a,neutral
fc0d5427f8,neutral
9f69f15ca6,neutral
2d6ecef1de,neutral
6334ad4725,positive
fe9b205b30,neutral
3266de0475,positive
ca1d744985,neutral
81ef3d303f,neutral
1f163ffa8a,positive
896669ae51,neutral
f8393c572a,neutral
87bfbb125b,neutral
1738ee7f17,positive
41e53f9cb9,neutral
d948eb5d1e,negative
c9c0e975c0,negative
f3e83b7d22,neutral
60b050c72a,negative
7037789f98,neutral
1c66900f85,neutral
02aa2d95ca,neutral
69728f3226,positive
3563567f97,neutral
e19f77eaf8,neutral
c3e4e319b8,neutral
d2be8d7fd4,neutral
e57eafee65,negative
a42e148220,neutral
f5e5205d2e,negative
96a8112f12,neutral
b9cb67bd1c,neutral
18219a326d,neutral
306795507a,neutral
4e05652b8c,neutral
d24bdd2844,neutral
1b4612b286,neutral
ac75f9e59f,neutral
7a5e6a6349,neutral
bd115d950b,positive
a875ccc879,neutral
70d2e5add2,positive
943b1558e1,negative
252a0078c7,negative
f245456ba5,negative
e9c03baff9,neutral
5865232bd7,positive
a16f652927,neutral
acf7eddf2b,positive
da39cbf3e8,neutral
3d054d1072,positive
e4891b511b,neutral
da37487780,neutral
be78fe3df4,neutral
a30a9b4003,positive
ad0dd05c20,negative
f347bda133,neutral
861f5b2008,neutral
27e3a4acfe,neutral
8628c6df3d,neutral
fd871c70ad,neutral
f525424cfe,neutral
f3afc03b4c,negative
103c6425c9,neutral
6fbd9f3ae7,positive
ca8ae20678,neutral
cb349ee334,positive
e5d88bca69,neutral
63d6ff064f,positive
df9709f719,neutral
0828b1848f,neutral
3f6bf57365,neutral
e1b0bb3509,negative
2d8d4624f2,positive
84ba2c6195,neutral
eff38f3689,neutral
fc2a587094,neutral
3e5c571a1a,negative
cc7e3d0e3f,neutral
3ed3cffe21,neutral
d31f0597f5,neutral
47a47bd1a0,positive
bf9189459f,neutral
199d624a97,neutral
c23bf94285,neutral
a3cd0a7228,positive
4219979931,neutral
ab925cac3e,neutral
e2bf49618d,neutral
d6dcf8c5ef,neutral
d4aa6a714a,negative
dc78ad00d3,negative
0a49d88d14,negative
ca75f7e584,neutral
d18a55e49e,neutral
620741fc16,neutral
3289389558,neutral
1496a45408,positive
a4b7cca240,neutral
f321d7a256,neutral
e1dbabfca3,neutral
f4855a1986,negative
92b95ebfbf,neutral
f8d2395684,neutral
a4468f0e74,neutral
850681c6b2,neutral
6999d42bd9,neutral
07a3ac5a80,negative
7f4a82153d,negative
84548ab6e2,positive
9c65f93a2b,neutral
448c887bd1,neutral
e19ed00091,neutral
b59a892581,neutral
be6d61ef42,neutral
6b6ff812c1,neutral
f02147d638,neutral
a85e779682,neutral
52e7b6c3d1,negative
8247622f9b,neutral
df320b92cd,neutral
5fb30f858b,neutral
238f8d875e,neutral
02883c7ab1,neutral
3593dbe193,neutral
9b186b77f1,neutral
d9bc353713,neutral
f4032fd33c,neutral
93b34b1964,positive
aa2c27ea07,neutral
2e56c6a83e,neutral
2e94c6bf84,neutral
a1b435d7b2,neutral
c5628b1962,neutral
0aec5ff9a0,neutral
09910a212e,neutral
e5b36bbce3,neutral
d8ea663169,negative
5773cb0640,neutral
8c5d6357cf,neutral
d01966504b,positive
02ea3e88bb,neutral
1e52917c17,neutral
4d5a01ceea,neutral
656119dd86,neutral
f68a3ece4b,neutral
22d22bda0a,positive
f2a3b9d7f4,negative
bc3c21ca4e,positive
b9285b80a9,neutral
47e8896447,neutral
c2828fbc35,positive
a4ab64c15c,neutral
da4a26cd96,neutral
3b388efbe6,neutral
449d73bf4f,neutral
c63415814e,neutral
c818fdf4b8,neutral
da76e6c8e1,neutral
b9798fcba9,neutral
b40a435ea7,neutral
d6606e8167,negative
d9564b50ef,neutral
0d769aca27,neutral
23a614d341,neutral
c4a00650cd,neutral
5aa8c0daad,positive
adf5be9ada,neutral
343c2dd395,neutral
e64a4d5361,negative
facd1f468e,neutral
11a3a0fb9d,neutral
61fde0e7e6,positive
769c8775bf,neutral
24747934b4,positive
d79f6eda9d,positive
e8bbfed756,positive
413eef8c27,neutral
90fddcbca5,neutral
33745d82ff,neutral
59b63d3b0f,negative
032fc2b3a2,negative
739f17cfe1,neutral
4db44fd32a,neutral
06ed7a838d,neutral
fb7e52a340,negative
7574ef7536,neutral
e2d8e05859,positive
6ff99dcdc1,neutral
6e0abe59f9,positive
ec1dd094c2,neutral
6471ce79df,neutral
7ae4f41a31,negative
44da94a9b7,positive
a3dc4cf37a,neutral
b2309cd1ce,neutral
34e4bf2b94,positive
6fe5a83801,negative
f87b8847a9,neutral
948fd09708,neutral
8244eb7ae9,neutral
f446d26bfc,neutral
da3dd37b70,neutral
a7a5cb1584,neutral
16fd300910,positive
6a818203a8,neutral
3102d159d1,negative
0eb06a4076,neutral
4454e4d53a,neutral
2b18f3c81f,negative
e8e5d28fb4,negative
c3feee17fd,neutral
eadd269ce5,negative
fd5ee5b52e,negative
b454c1364b,neutral
77e57c378f,neutral
e24b1487e4,negative
41bb347c8c,neutral
d7f63d1bb6,neutral
13ff4f0f99,neutral
34533b5903,neutral
63c7425486,neutral
44c1c813a1,neutral
8e34972820,neutral
bb8443d7e2,positive
cadb7e8823,positive
65019c18cb,neutral
126e2e83d6,neutral
42d4d17693,neutral
8837fac289,negative
1fb1670192,positive
669c709c0b,positive
c7e52408c8,negative
f6f96dd249,neutral
f8456f260f,negative
51ddb4abcf,neutral
15a017a8e4,negative
089f2af7b9,neutral
28bd0fcd11,negative
f79609f1b3,neutral
8e7d2d0ea4,neutral
b847eb1075,negative
f923746a3f,positive
80279a9e74,positive
5d3d18f13b,neutral
6debbd53ee,positive
f2906f0420,neutral
a7f12fa546,neutral
a72c5d15b7,neutral
bd4c861cc2,positive
5ec14d968a,negative
ca2896a372,neutral
416e6352b9,neutral
2987cae592,neutral
692cd6a34b,neutral
7067e6046d,negative
c4210150ee,neutral
bd095b4751,neutral
3dd127f4af,neutral
8bdaf388f3,neutral
9ddcd3f037,positive
0457eb75c2,neutral
598d35cd58,neutral
472fc56661,neutral
d46052706c,neutral
6a784b0c72,neutral
16466d0ff2,positive
68a6cf591a,positive
04c455e820,neutral
eae7117612,neutral
548e2f1e34,neutral
32a34847dc,neutral
4ed24c845a,negative
fc73012712,neutral
fa8998df98,positive
e540ebed83,positive
e2591a4f5a,neutral
ba443581ae,negative
1e7bb0e6dc,positive
3629287285,negative
f4eae403c0,neutral
8d86885941,positive
2f6e1bc40b,neutral
62bb51eb64,neutral
3f8fc09752,neutral
e62ebf8ec0,positive
9662de1204,negative
44bf854f69,neutral
0b583242d0,positive
b8846d0a50,neutral
898b9a9338,neutral
cb5041f872,negative
144e6fb3ad,neutral
43288822ee,positive
9a6c971e84,neutral
a9edef474b,neutral
09a2245f93,neutral
3a42bc3485,neutral
3c343d4e1e,neutral
b7259fcba2,neutral
d2443706bf,neutral
842e9e031b,neutral
8dc2975248,neutral
a838619ca9,positive
7ae1499198,neutral
6c5002df01,neutral
2c0f4ee9e2,neutral
c8cfe01c4f,neutral
e6f7199479,neutral
b9b983a83c,neutral
08ad89c6b0,negative
edde6bb21e,positive
fb1c0ecec0,neutral
e01f6a7ec2,positive
6068de7168,neutral
5adce8e8fc,neutral
ed3f95dd2a,neutral
c7e96d2411,neutral
5e6cdd7c91,neutral
2ee99fc907,neutral
52c2bbf770,neutral
311f189ee4,positive
fa3d1d0975,neutral
7005fce01c,neutral
0a4594beed,neutral
667e216a44,neutral
cddefa4364,positive
5612d59230,positive
0690c4b873,neutral
f589c8b60d,positive
79331f42cf,neutral
1038091281,neutral
653f3adcde,neutral
5a17107aba,neutral
8dd4c2b501,neutral
bf4c610e53,neutral
b1a2c1b94c,neutral
a624cc6757,positive
7c5b5c6f96,negative
397ef3478d,neutral
917e217975,negative
a657e300d0,negative
1872e32e07,negative
c5698ba3eb,negative
6cd9991cca,positive
2bb759d569,neutral
926f9f5895,neutral
b4ea682d4b,neutral
c2fe8bbad7,negative
0d7f89029b,negative
a0e7618e7a,neutral
12d70a758e,neutral
d86941ec1c,neutral
9de7ee1962,neutral
4cb6f71974,neutral
10db37e108,neutral
881affa1a2,neutral
82582f6d17,neutral
10b9feacd2,neutral
9f89432794,negative
684b2dcea7,neutral
2f8444db6c,positive
8e8ff8dc66,positive
27bf96d1b5,neutral
21af13b50e,negative
daaff3f5f6,negative
836dd77850,neutral
0197e3ebbc,negative
796110430b,positive
3f09c16e52,neutral
8f892ed3b2,neutral
a8e2c45625,neutral
6030362588,neutral
323e67716f,positive
cda2c56cef,neutral
7cb093f4c3,neutral
a9b6058320,neutral
197bec62c7,neutral
5db58f4182,neutral
bbf1006316,negative
3eedba9550,neutral
b9b532f7a2,negative
3a23f53b85,neutral
736f85408d,positive
2bffd86b55,neutral
b4d1c8c080,neutral
c5ee1ee772,negative
138fa4e0f4,positive
4bcb9c582c,neutral
756300c03d,neutral
e3ba5e82d3,positive
700c41e7c0,neutral
f19f0c1482,neutral
f637b48a5c,positive
6fa5a04599,neutral
d54d4de7e5,positive
71f389a974,neutral
7b05d819ee,neutral
1e32ad1b17,neutral
e89cbe91e0,neutral
b22895c538,neutral
8353cc778e,negative
10e991f020,positive
128a73fbfd,negative
a3c5d75bbb,neutral
2b8fcaed04,neutral
37daa255ea,neutral
9508aeca0c,negative
5d47d76ed3,neutral
a0840086ab,neutral
9f23e5d8f5,neutral
c7a59f50c3,neutral
7ff53f335c,positive
e96c25a560,positive
56c08b2df6,neutral
d08af78eef,positive
fdd3a09897,neutral
aef284756a,neutral
84a2eb963a,neutral
df2a0c498a,positive
8230f9ad74,neutral
ea7e409dcc,negative
cf1ea9af3b,neutral
b29a9ec749,neutral
9d6e14002f,neutral
051025ff7f,positive
30eecabd12,negative
fe51ca37d4,neutral
75dcba6339,neutral
74676aaaed,neutral
cec0440736,neutral
c4f4b37c8b,neutral
65f5ce236f,negative
66f40f0026,neutral
e38fab54b2,negative
d67edb73e6,neutral
0c0d180b5c,neutral
e739d7e64e,neutral
2e982cc27d,neutral
3ed1480471,positive
3e99500fa4,positive
00ce730001,neutral
ea57382c80,neutral
0972b54c53,neutral
3b8b4be00b,neutral
755a345dc8,neutral
88a4e96eef,positive
d881666768,negative
998b50607e,neutral
a185f0cc24,positive
6cee199f3e,neutral
34522a55d8,neutral
dc513a682c,negative
cc75fbff94,negative
fdd859e2d9,negative
e0c0860417,neutral
f0854a3951,neutral
356411fd5a,positive
c780b84d97,negative
3e7c1d3c6b,positive
e79ca3a450,neutral
5609c1212e,positive
8c8e32f76f,positive
dda6145689,neutral
f03669fe8c,negative
7fb2ca19e9,neutral
25ea895560,positive
2b6ec32c28,positive
894a3f680a,neutral
c258bebc27,neutral
e53f3fb1a4,neutral
9cf0c77bc1,negative
9e07e4f596,negative
bb14e1f4cb,positive
8f65a41e73,neutral
c29116d111,positive
efb43fce11,neutral
7053623c26,neutral
72ee8deee3,neutral
6ffc960726,neutral
586e68c59d,negative
04b57c4359,negative
e33459f8f1,negative
43c61eb7a3,neutral
a7a96b2c1d,neutral
87cd836d7b,neutral
a72f4f357b,neutral
ad5d8a84c1,neutral
18a11e8dbd,neutral
2e8bd923d0,neutral
ebae3ed394,negative
10c55c13b8,positive
b26843421f,neutral
f3c6e98737,positive
b9ade6591a,neutral
3ae98f1cae,positive
3477bb4c82,neutral
193fe8822f,positive
b631ec4bfa,neutral
6913d9c30e,positive
07d608a03d,neutral
d0ce0ab587,neutral
425c9eb614,neutral
43790fc27b,neutral
727cbe5970,neutral
7d0291358f,positive
9dec21d822,neutral
3d90ad58ee,neutral
12b08fabd2,negative
f97b6d38ed,neutral
93370a10dc,positive
3ff2b333c3,neutral
ec9c43fbb3,positive
99fdaff40d,neutral
0c524f5e69,neutral
1783b5eb60,positive
932227184c,positive
00f377c634,negative
b99ba239de,neutral
1f9663bb46,positive
23d8ccab77,neutral
f59bbec4a3,neutral
a37b6c27a2,positive
1d06a9cc02,positive
e124c79abd,neutral
5a5d7e4d2f,positive
bd3b5dbd9a,neutral
12e0187cb9,positive
ea032bbaaf,neutral
e42d0e6e9d,negative
946573f031,neutral
2d5051cce9,neutral
16fb14a0f7,neutral
8b5e410207,neutral
eaeee872b9,neutral
e8d8465eab,positive
1a857a38fb,neutral
25694a4e38,neutral
a4b3b95e89,neutral
2e57d38abb,neutral
d6b053947f,neutral
7db93d25c6,positive
94977637ab,neutral
a028e284db,neutral
513358abe6,negative
d2dbf84fe0,neutral
9d8efb8db9,neutral
88040d7737,neutral
db4bb26337,positive
9e2748c5e4,neutral
060acf7042,neutral
5ad2c5e27b,negative
6a5af5f4c5,neutral
6fe391edf6,neutral
74e36c1c25,neutral
2dfbe0b7fb,neutral
fbd7404138,neutral
a26a75179f,neutral
6a72b1eb3c,neutral
981a6f186d,neutral
d794425886,negative
2280788f99,neutral
16ac3c903c,neutral
007eeb40ff,positive
8f44c2f7bd,negative
da82d37656,neutral
970d89d516,neutral
13d29e0bab,positive
afe5ce5d7d,positive
979153b838,neutral
b34f37f31d,neutral
036b210d6b,neutral
5bfc1c74e0,positive
c1388fc963,neutral
fd1db57dc0,neutral
e7d70b0d76,neutral
f3f0fde02e,negative
bb47fa7074,neutral
8882fae1ac,neutral
c7b61da1e2,neutral
ab881218a0,neutral
e2b73ce8df,neutral
665dcd4cf2,positive
0b4a2b2eb1,positive
0e72caa348,neutral
2c39030bc4,neutral
47caebc343,positive
2dd1bb7561,neutral
109516d45f,positive
2c4545ae23,negative
8ef3dee547,neutral
1944d83437,negative
967e1b9ad9,neutral
e4ef55358a,neutral
da276b88e8,neutral
c6c2478e74,negative
9e29d43b20,neutral
1012d3a39c,neutral
e37a7b9128,negative
e206dff6da,neutral
9ffc800a5c,neutral
e9e0de67a2,positive
5ebdc7d817,neutral
1d5318a66f,neutral
35182b1866,negative
5caa73746c,neutral
c3384d4c6b,positive
95305a8336,neutral
b7df44c04f,neutral
94ba09618a,neutral
dec8c3dac3,neutral
1ef4bca3f5,positive
95b7fa6314,neutral
9eb21f1e58,neutral
49e25011f6,neutral
0a6580a2ca,positive
49096c54e2,neutral
1746f40680,neutral
13fccb0fb5,negative
97dbf6e8e1,negative
b7f1a0cd1a,neutral
689c6b69c9,neutral
a08d95184f,negative
d36296a726,neutral
e976f2769d,positive
1297b5f02d,neutral
d205b332e6,neutral
bb0316a749,neutral
addf08efba,neutral
0c53b2d4c0,positive
bacb2d1061,neutral
864cddfae8,neutral
0a92e46208,neutral
85ef239798,positive
7276d2cde2,neutral
d53ddd0172,positive
064a8c4847,neutral
edef02e047,positive
695f322a0a,neutral
a35314257a,neutral
2641ac37a6,neutral
7a1556637a,neutral
08c5eb64a5,negative
6397544955,positive
afc326749d,neutral
79f88c9c67,neutral
db828c7bda,neutral
08d12b46b2,neutral
b9078fdb88,neutral
6434edb2a5,positive
93c709ddbb,neutral
261ead9c14,negative
4bd68426ce,neutral
6ff929e04b,neutral
d26c5024c9,positive
ae45bdeb6d,neutral
2d0cd25243,neutral
01fdd344f2,neutral
f1e14aaf4e,neutral
cbd87d2326,neutral
dac8af239c,positive
213f65851d,neutral
41c5bce464,neutral
669a4ee511,positive
d8999ff49b,neutral
eb96d21b64,neutral
8e2432e61d,neutral
6d68218d8b,neutral
a00d6e8a18,negative
68238c0940,negative
0f870b905c,negative
afd1917b36,neutral
6d3c1d8ff7,neutral
6face8f81f,neutral
291a81553f,neutral
7b2a38faa7,neutral
415e492cfb,neutral
374ab5e6cd,negative
18bcba79be,negative
f529745a98,neutral
ba6d7433fe,neutral
056c205514,neutral
ab65e404fd,neutral
0815af3970,neutral
897dab966b,neutral
694a98d42f,neutral
1b5a4bc443,neutral
92ef69c5ca,neutral
4c2540598c,neutral
201c6c35e2,neutral
b3c6a71077,neutral
f78d0594ce,positive
11cab5bac2,neutral
37c1594abc,neutral
d0c93e2a81,neutral
83d9d8ffbe,neutral
a9b155d544,neutral
37681f23e9,neutral
1305139c4a,neutral
3cdfcc7a2c,positive
09554aef59,negative
c25f1544bd,negative
32cde6dbc5,neutral
4e1101e520,neutral
ed58e3db1d,neutral
daba837f14,neutral
9664d60456,negative
a29a6f5c41,neutral
a4d9ee1aac,negative
5729a6ebb9,negative
b93d5198af,neutral
771545d181,neutral
65cbb266bf,positive
b93f47d6b0,neutral
ce7efcdd0d,neutral
d18a58850f,neutral
f48211d914,positive
38c94c08b8,neutral
bb16d5ae08,neutral
817b6da55c,neutral
6bb7fa91b2,neutral
a9b501f7cd,neutral
540fd43bae,neutral
9e734c1ed3,negative
0145dc9e7c,neutral
bbcf6de580,neutral
342c394b9e,neutral
fa625455c7,neutral
14c9c24f55,positive
475e19cb22,neutral
e035bf28b6,neutral
a2a8a42a36,neutral
42e4df338b,positive
c0a39bf520,neutral
645e740cb0,neutral
2bca22c7f3,neutral
c0603f62dd,positive
f0c1aa8e72,neutral
a24748151f,neutral
4626b8b37a,positive
caa591cb69,neutral
46632450a3,neutral
7505a3b214,negative
8d69c4d8e4,neutral
91c6546f6b,positive
d29e6d773c,neutral
e0589e3ebd,neutral
a4f6100563,positive
d3d8561006,neutral
c005d6cfde,neutral
bb3ef3c925,positive
b5eb308679,negative
936cc72c9d,negative
1af280ac83,positive
8034e259de,neutral
d45f55fad0,neutral
a7a4f1809e,neutral
6564a03aa0,neutral
f6df0fdbff,positive
b8547d3835,neutral
ed036f1d74,neutral
a237d86171,negative
82dd0bcffe,negative
89de64f532,neutral
e0f51840d2,negative
20f387fede,neutral
5d85831fa3,neutral
9ef3a57e41,neutral
2a20862961,neutral
218412b76a,positive
1d865c0717,neutral
7b474b659d,neutral
73afc6a90d,neutral
00e1d9ed60,neutral
7a059ccc2f,neutral
e4c90cafae,negative
675d0f99ee,positive
82369ff2a2,neutral
46f859bacf,neutral
d3b70656cd,neutral
d6788e5a4f,neutral
bef904fa13,negative
5f72b7df41,positive
43661e198b,positive
2cc6d6b3e6,neutral
4ca97418b7,positive
be2fadb2bc,neutral
1c0b70106f,neutral
4d9a27e25a,negative
834651667b,neutral
688784c5a9,neutral
7d32d4866a,neutral
0cbab4e443,neutral
d57bd01b7e,neutral
a5912f5b7b,neutral
b0f7ac544d,negative
73fd2537e6,positive
20f35978fb,negative
9a8cde88ea,neutral
9f48b1d3fa,neutral
79bd7de23f,neutral
6b3c3e22d5,neutral
b411bd3afb,negative
469196b094,neutral
7b65a847b6,neutral
cc28178ef0,neutral
4200e8b73c,neutral
77a7b3282b,neutral
76b40b8c3d,neutral
1b6fe730fd,negative
2a04e6e839,neutral
f944be482a,positive
d461b50edb,negative
d8ab713a6a,positive
e838d1f366,neutral
885b8f47f7,positive
ac3b9688c6,neutral
0f93a7a6ff,neutral
9a38abcf54,positive
863e09ee74,positive
9501aabea3,neutral
40ada63a36,neutral
c956722677,neutral
1c6ce0a7e3,positive
5648799bc4,negative
59fd038492,neutral
0ef8ddf4a1,neutral
50ba66785b,neutral
827fa68ce4,negative
a60b818d1d,neutral
316a1d0f4c,positive
1dc7f3d536,positive
c08d28468b,neutral
043c3b53f8,negative
5fc6e71643,neutral
27829d97bd,neutral
603a6f30be,neutral
f13fd6b067,neutral
6bda8dca4d,neutral
b70db9bf31,positive
c9980ac0cd,neutral
8798f0a924,neutral
edef93288d,negative
9f345b18c5,positive
5f857f8279,positive
391211cd64,neutral
b01c4cd28a,neutral
3a92bdf00a,neutral
d24ea15375,positive
c3c168bc80,negative
189ea0d26f,neutral
fa117106ef,negative
f66bda14c6,neutral
cf3dafabb3,neutral
242910ff98,neutral
60e5c2c335,neutral
72b5155719,negative
bbfe533366,neutral
4cb0ab19ed,neutral
58e2a00ab8,neutral
0a0e2a4f78,neutral
975554343f,neutral
c7be378db2,negative
87737f8e62,neutral
558fe1316b,neutral
a6687519e2,neutral
91f8e27d4c,positive
9a10e4813f,neutral
2b31cedc6d,neutral
db783cf66a,neutral
036cd6abb0,positive
e965e50c60,positive
b1c36b70a4,neutral
4d2de9d1af,positive
0c2e7ab834,neutral
0bb5b4d19c,negative
e5f0e6ef4b,neutral
416863ce47,neutral
6332da480c,negative
df1baec676,neutral
469e15c5a8,neutral
